{"name":"Zakir Özlü Tesbihat","short_name":"Zakir","start_url":"/","display":"standalone","background_color":"#ff6666","lang":"tr","scope":"/","description":"Zakir, Özlü Namaz Tesbihatı","theme_color":"#ff6666","orientation":"portrait","iconUrl":"https://zakir-tesbihat.web.app/android-chrome-512x512.png","prefer_related_applications":false,"display_override":["window-controls-overlay"],"devOptions":{"enabled":true,"type":"module"},"protocol_handlers":[{"protocol":"web+zakir","url":"/%s"}],"categories":["lifestyle","religious"],"icons":[{"src":"android-chrome-192x192.png","sizes":"192x192","type":"image/png"},{"src":"android-chrome-512x512.png","sizes":"512x512","type":"image/png"},{"src":"android-chrome-512x512.png","sizes":"512x512","type":"image/png","purpose":"maskable"}]}